stt,sku,ten_san_pham
1,8809733215192,Kem Dưỡng Phục Hồi Trắng Da Pretty Skin The Pure Jeju Tangerine Vita C Cream 52ml
2,8809733215208,Tinh Chất Dưỡng Trắng Phục Hồi Da Vita C Pretty Skin The Pure Jeju Tangerine Vita C Ampoule 52ml
3,40000015,Cám Gạo Thuốc Bắc 1kg
4,8809581444324,Má Hồng Missha Cotton Blush 4g
5,8992222055567,Sáp Vuốt Tóc Gatsby Styling Pomade ide Swept Classy Dry 75gr
6,8809625244200,Son Tint Romand Dewyful Water Tint 5g #07 Cherry Way
7,8938502716056,Kem Tẩy Lông Bikiro Cream 50g
8,4979006070064,Essence Chống Lão Hóa SK-II Facial Treatment 230ml
9,4982790188631,Miếng Rửa Mặt Silicon Loven Màu Hồng
10,BP32,Bông Trang Điểm Tròn Vacosi BP32
11,OB04,Cọ Vacosi Oval Brow Cheek amp; Found Brush OB04
12,600027,Chì Xé Kẻ Mày Coloured Soft Cosmetic Art Eyebrow Pencil No 1818 #05 Black
13,500009,Son Dưỡng Dior Addict Lip Maximizer #061 Poppy Coral (Nobox)
14,9318637043293,Sữa Tắm Gội Dịu Nhẹ Cho Bé Cetaphil Baby Gentle Wash Shampoo 230ml
15,4976631894263,Gel Trị Mụn Lưng Pelican Medicated Anti Acne Gel Mist For Back 100ml
16,6001159111351,Tinh Dầu Đặc Trị Sẹo Thâm Nám Rạn Da Bio Oil Specialist Skincare Oil 125ml
17,600068,Kẹp Bấm Mi Lớn
18,3605970630881,Sữa Rửa Mặt Hoa Cúc Kiehl's Calendula Deep Cleansing Foaming Face Wash 230ml
19,900007,Hộp Quà Chữ Nhật Thẳng Đứng Cỡ Trung Có Đính Nơ
20,600040,Mi Giả Red Cherry Eyelashes 100% Human Hair #3D-06
21,8801051170283,Sữa Tắm Hương Hoa On: The Body Damask Rose 900g
22,900005,Túi Giấy Đựng Quà Hình Gấu (32cm x 45cm x 10cm)
23,8809399372598,Bông Phấn Khô Vacosi BP08
24,079400459510,Dầu Gội Xả Suave Kids 2 in 1 Smoothing Strawberry 532ml
25,3337875583626,"Tinh Chất Tái Tạo, Phục Hồi Da La Roche Posay Hyalu B5 Serum 30ml"
26,900131,HỘP NƠ TRUNG A130 (Dài 20cm x Ngang 25.5cm x Cao 11cm)
27,900132,Hộp Nơ Nhỏ A130 (Dài 16.5cm x Ngang 22cm x Cao 10cm)
28,8806182567704,Bấm Mi The Face Shop Eyelash Curler
29,4511413403273,Viên Uống Cấp Nước DHC 150mg Hyaluronic Acid 20 Ngày
30,8809399374226,Nhíp Đầu Bằng Vacosi Flat Tweezers T01
31,2013032235454,Bộ Quấn Tóc Lò Xo Lớn Nhiều Màu 6 Cái
32,079625915617,Bộ Cọ Trang Điểm 3 Cây Real Techniques Sculpting Set
33,6948736600009,Miếng Đệm Làm Phồng Chân Tóc
34,8809399379412,Cọ Rửa Mặt Bạch Tuộc Vacosi Boover Cleanser DC03
35,8994993011964,Dầu Xả L'Oréal Paris Elseve Total Repair 5 Restoring Conditioner 280ml
36,025077019465,Viên Uống Bổ Gan Puritan's Pride Milk Thistle Extract 180 Viên
37,8809046298431,Hộp 20 Miếng Mặt Nạ Lột Mụn Đầu Đen Ciracle Goodbye Blackhead
38,4100045,Kẹp Tóc Hàn Quốc BB01
39,4100048,Kẹp Càng Cua Hàn Quốc BB067 ( Mẫu Ngẫu Nhiên )
40,4511413310007,Son Dưỡng Có Màu DHC Color Lip Cream #Apricot
41,810866015038,Kem Chống Lão Hóa Tái Tạo Da Zo Skin Health Retinol Skin Brightener 0.5% 50ml
42,810866015052,Kem Chống Lão Hóa Tái Tạo Da Zo Skin Health Retinol Skin Brightener 1% 50ml
43,8809751115559,Phấn Bắt Sáng Clio Prism Highlighter Duo #02 Lavender Voyage
44,5060086610635,Men Vi Sinh Cho Phụ Nữ Optibac Probiotics Hộp 30 Viên
45,4100058,Kẹp Đỉnh Hàn Quốc BB07 1 Cái
46,4100060,Set Kẹp Mái 2 Cái
47,8809815648528,Xịt Khoáng Khóa Nền Perfect Day Makeup Fixer Too Cool For School 50ml
48,4100069,Kẹp Tóc Hình Ngôi Sao (Lẻ 1 Cái)
49,8809803556101,Dầu Gội Mise En Scène Perfect Serum Styling Shampoo 680ml
50,8858910627525,Cọ Odbo Cotton Candy Powder Brush OD8002
51,8004395111763,Kem Đánh Trắng Răng Marvis Cinnamon Mint 85ml
52,8809668023176,Má Hồng Etude House Lovely Cookie Blusher #OR201 Apricot Peach Mousse
53,8004395111701,Kem Đánh Răng Marvis Classic Strong Mint 85ml
54,8004395111879,Kem Đánh Trắng Răng Marvis Anise Mint 75ml
55,037000710462,Nước Súc Miệng 3D Crest Scope Outlast Mint Mouthwash 1l
56,8809733216434,Kem Dưỡng Phục Hồi Da Rau Má Prettyskin The Pure Jeju Cica 40 Ceramice Cream 52ml
57,8858910627594,Cọ Trang Điểm Mắt Odbo Cotton Candy Small Eyeshadow Brush #OD8009
58,8858910627600,Cọ Tán Phấn Mắt Odbo Cotton Candy Eyeshadow Blending Brush #OD8010
59,810866014079,Kem Dưỡng Sáng Da ZO Skin Health Brightalive Skin Brightener 50ml
60,8414135873682,Xịt Thơm Body Nike Ultra Pink 200ml
61,6902395774204,Kem Nền Maybelline Fit Me Matte Poreless Foundation SPF22 30ml #109
62,8809733218728,Nước Hoa Hồng Phục Hồi Dưỡng Trắng Pretty Skin Multi Hydra B5 Calming Repairing Toner 205ml
63,8008970057507,Sữa Tắm Hương Nước Hoa Tesori D'Oriente Karma Bath Foam 500ml
64,8935006533271,Sữa Chống Nắng Giải Nhiệt Da Sunplay Super Cool SPF50+ PA++++ 30g
65,8935006532717,Sữa Chống Nắng Sunplay Whitening UV SPF50+ PA++++ 30g
66,8809733210333,Mặt Nạ Pretty Skin Rose Total Solution Essential Seat Mask 23g
67,8936123410162,Sữa Tắm Gội Trẻ Em Lactacyd Baby Extra Milky Body Hair Wash 500ml
68,8809658626912,Phấn Bắt Sáng Too Cool For School Artclass By Rodin Highlighter #2 Luminous
69,8904256001854,Xịt Khử Mùi Nữ Nieva 48h Protect Care 150ml
70,8809733210296,Mặt Nạ Dưỡng Da Pretty Skin Green Tea Total Solution Essential Sheet Mask 23g
71,8809733212870,Mặt Nạ Dưỡng Da Pretty Skin Lemon Total Solution Essential Sheet Mask 23g
72,6948832915632,Lược Gương Cầm Tay Tai Thỏ 2in1
73,6976234891292,"Bộ Dầu Gội Xả Phục Hồi, Mềm Mượt Tóc Biotin Collagen Voudioty 500ml"
74,6970758092586,Nhíp Gắn Mi Giả Dáng Cong Màu Hồng Vacosi Eyelash Tweezers Curved T09-01
75,8851932467681,Dưỡng Thể Vaseline Healthy Bright Gluta-Hya Serum Burst Sunscreen Luminous Defense SPF50 PA+++ 50ml
76,4936968808333,Phấn Nước YSL Le Cushion Encre De Peau SPF23+ PA++ #20
77,4059729419132,Phấn Bắt Sáng Catrice Glow Lights Highlighter 9.5g #010 Rosy Nude
78,8936205370506,Dung Dịch Vệ Sinh Em Bé Hanayuki Soft And Silk 150G
79,8809815644629,Phấn Má Hồng Too Cool For School Artclass By Rodin Blusher 9.5g #De Coral
80,6977364830038,Lược Gỡ Rối Tạo Kiểu Cơ Bản Vacosi C16 #Tím
81,6977364830076,Lược Chải Tóc Gỡ Rối Vacosi C19 #Tím
82,6977364830151,Lược Gỡ Rối Tạo Kiểu Cơ Bản Vacosi C16 #Kem Sáng
83,8936205621318,Sữa Dưỡng Thể Hỗ Trợ Dưỡng Trắng Da DrCeutics Niacinamide 10% + α-Arbutin 2% Body Lotion 200g
84,8936228462509,Túi Đựng Mỹ Phẩm Trong Suốt Jary Wash Bag – Đen (29.5x10.5x20cm)
85,6943218382275,Kem nền 24h Artmiss Nourishing Submerging Liquid Foundation 40ml #E03
86,6943218382251,Kem nền 24h Artmiss Nourishing Submerging Liquid Foundation 40ml #E01
87,8801051493801,Nhũ Bắt Sáng Dạng Thỏi Glint By Vdivov Stick Highlighter 7g #01 Dewy Moon
88,6975712780059,Hộp Dán Tóc Mái (10 Cái)
89,8936228460680,Miếng Rửa Mặt Silicone Jary Silicon Cleansing Brush SC01
90,6921497103415,Bảng Phấn Mắt 8 Ô Shedella 11g #201 Màu Sắc Ngọt Ngào
91,8809625245221,Phấn Mắt 10 Ô Romand Better Than Eye Palette 10g #07 Berry Fuchsia Garden
92,6973391730396,Son Má Hồng Dạng Bùn Lì Into You Shero Super Matte Lip Cheek Mud 1.8g #EM23 Cranberry Red
93,8809497562556,"Mặt Nạ Săn Chắc Da, Chống Lão Hóa Celefit Collagen Essential Mask 23g"
94,6977057251294,Lông Mi Giả Mlen Diary Baby Candy (Hộp To)
95,6970758099134,Bông Phấn Kim Tự Tháp Vacosi Versatile Makeup Sponge BP41
96,8809510688676,Son Bóng Merzy Bisous Glowy Gel Tint 4g #GT1 Đỏ Hồng Berry
97,8809510688683,Son Bóng Merzy Bisous Glowy Gel Tint 4g #GT2 Hồng Cam Nude
98,8809510688720,Son Kem Merzy The Glam Mellow Tint #GM1
99,8809510688737,Son Kem Merzy The Glam Mellow Tint #GM2
100,8414135873392,Xịt Khử Mùi Nữ Nike Urbanite Oriental Avenue Woman 24H EDT Deodorant 200ml
101,8414135873385,Xịt Khử Mùi Nữ Nike Gourmand Street Woman 24H EDT Deodorant 200ml
102,8809348604756,"Mặt Nạ Cấp Ẩm, Dưỡng Sáng Da Foodaholic Shea Butter Nature Skin Mask 23ml"
103,8809758320246,"Mặt Nạ Cấp Ẩm, Dưỡng Trắng Da Foodaholic Pearl Nature Skin Mask 23ml"
104,8809758320215,"Mặt Nạ Nâng Cơ, Ngừa Nếp Nhăn Foodaholic Olive Nature Skin Mask 23ml"
105,8809348604770,"Mặt Nạ Dưỡng Ẩm, Giảm Vết Đồi Mồi Foodaholic Royal Jelly Nature Skin Mask 23ml"
106,8936205621387,Sữa Rửa Mặt Dr.Ceutics Gentle Olive Foaming Facial Wash 420g
107,8809643074650,Kem Đánh Răng Median Gum Science Toothpaste Strongmint 120g
108,8935274673884,Gel Dưỡng Ẩm Làm Sáng Da Garnier Bright Complete Vitamin C Water Gel 20ml
109,8809615057995,"Mặt Nạ Dưỡng Ẩm, Giúp Da Săn Chắc Mediheal E.G.T Nourishing Ampoule Mask 25ml"
110,6972973031449,Chì Kẻ Chân Mày Phẩy Sợi Haozhuang Make Up Milano Eyebrow Pencil #3 Nâu Đen
111,6970758093149,Bộ 4 Cọ Và 1 Bông Phấn Golden Dragon SC05
112,6970758093101,Bộ 3 Cọ Chân Mày Golden Dragon SC01
113,8936228461816,Lông Mi Giả Gân Trong Jary Full Strip Lashes #F05
114,6971025881315,Sữa Tắm Hoa Cúc Weilaiya Calendula Shower Gel 450ml
115,8806164185407,Má Hồng The Saem Saemmul Single Blusher 5g #OR04 Pumpkin Latte
116,0667559099642,Kem Dưỡng Thể Bath Body Works Strawberry Pound Cake Ultimate Hydration Body Cream 226g
117,4100077,Băng Đô Cài Tóc A40
118,8809694625719,"Kem Chống Nắng Cấp Ẩm, Làm Dịu Da Dermablock Aqua Sun Cream SPF 50+ PA++++ 35ml #Xanh"
119,8809694625696,Kem Chống Nắng Mỏng Nhẹ Dermablock Daily Sun Cream SPF 50+ PA++++ 35ml #Đỏ
120,6295199800294,Xịt Thơm Toàn Thân Armaf Odyssey Candee Special Edition Perfume Body Spray 200ml
121,8809510687730,Son Dưỡng Có Màu Merzy Siren Melting Color Lip Balm 3g #LB4 Love Fig – Cam Nâu Trà
122,8936217590008,Son Tint Lì Thuần Chay Ofélia Sugarplum Mistynow Blurring Tint 3.8g #01 Smol – Nude Nâu Cam
123,8936217590596,Son Tint Lì Thuần Chay Ofélia Sugarplum Mistynow Blurring Tint 3.8g #09 Simp – Hồng Đào
124,8936217590046,Son Tint Lì Thuần Chay Ofélia Sugarplum Mistynow Blurring Tint 3.8g #05 Vibe Check – Đỏ Cam Gạch
125,6975852824194,"Kem Lót Zeesea Multi-Effect Make Up Primer 10g #A03 Da Thường, Da Tự Nhiên"
126,3253581771587,Kem Dưỡng Tay L'occitane Glycine Hand Cream 10ml (Nobox)
127,6290360597935,Xịt Thơm Body Lattafa Bade’e Al Oud Sublime Perfumed Body Spray 300ml
128,5061014615074,Bộ Dầu Gội Xả Sạch Gàu Kiềm Dầu Olexrs Argan Oil Essence 500ml (Xanh)
129,0667659338832,Sữa Dưỡng Thể Bath Body Works Thailand Body Lotion 236ml
130,3616303444532,Gel Tắm Gội Rửa Mặt Cho Nam 3in1 Adidas Energy Kick 400ml
131,6931354005646,"Phấn Má Hồng, Bắt Sáng Tạo Khối 4in1 Veecci Pearlescent Highlight 9g #VE01"
132,6931354093803,Kẻ Mắt Chống Thấm Nước Lâu Trôi Veecci Automatic Rotating Glue Eyeliner 0.05g #03 Classic Brown
133,8801051288988,Son Dưỡng Mềm Môi Belif Super Knights Multi Vitamin Lipcerin 15ml
134,6971907254657,Dầu Gội Tẩy Tế Bào Chết Chiết Xuất Muối Biển Spes Sea Salt Cream For Scalp-Cleansing And Hair-Puffy 280g
135,0667659333301,Sữa Dưỡng Thể Bath Body Works Costa Rica Daily Nourishing Body Lotion 236ml
136,4100078,Kẹp Đỉnh A120
137,0667558216200,Sữa Dưỡng Thể Bath Body Works Cucumber Melon Body Lotion 236ml
138,0667559276937,Xịt Thơm Body Bath Body Works Strawberry Soda Body Mist 236ml
139,8800258080128,Son Tint Lì Romand The Juicy Lasting Tint 3.5g #15 Bare Fig
140,8809525930968,Mặt Nạ Dưỡng Da Dạng Kem Ngải Cứu I'm From Mugwort Mask 30g
141,8809970750944,Son Peripera Ink Mood Glowy Tint 4g #29 Hurry Up Pink
142,8809751117270,Má Hồng Peripera Pure Blushed Sunshine Cheek #6 Morning Blush
143,8809544632843,Tinh Chất Vi Kim Tái Tạo Da Wonjin Effect Spicule Capsule Teca Serum 30ml
144,0197575027447,Sữa Dưỡng Thể Victoria's Secret Love Spell Body Lotion 236ml
145,0667559649427,Sữa Dưỡng Thể Victoria's Secret Citrus Lily Body Lotion 236ml
146,0667560239334,Sữa Dưỡng Thể Victoria's Secret Sunlit Nectar Body Lotion 236ml
147,0667560607768,Sữa Dưỡng Thể Victoria's Secret Crisp Yuzu Orchid Body Lotion 236ml
148,0197575027416,Sữa Dưỡng Thể Victoria's Secret Velvet Pure Seduction Body Lotion 236ml
149,0667560607751,Sữa Dưỡng Thể Victoria's Secret Misted Magnolia Melon Body Lotion 236ml
150,0197575005070,Sữa Dưỡng Thể Victoria's Secret Afternoon Light Body Lotion 236ml
151,8809437399686,Phấn Má Hồng 3CE Mood Recipe Face Blush #Peach Flash
152,8809610272638,Kem Dưỡng Rau Má Dr.Pepti Centella Moist Soothing Gel Cream Ex 70ml
153,5010724525944,Dung Dịch Vệ Sinh Phụ Nữ Kháng Khuẩn Femfresh Active Fresh Wash 250ml
154,600098,Cọ Trang Điểm Đầu Xéo Lớn
155,4513574027732,Sữa Dưỡng Thể Trắng Da Chống Nắng Hatomugi Milky Gel SPF31 PA+++ 250ml
156,4607087850618,Kem Tẩy Lông Dưỡng Da Nhạy Cảm Velvet Depilatory Cream 100ml
157,8802885128518,Phấn Phủ Bột Geo Sempre Happy Please Powder 25g #No.2
158,3141380059138,Sữa Tắm Dưỡng Ẩm Cottage Fleur D'oranger 750ml
159,8809625249113,Son Tint Lì Romand Juicy Lasting Tint #39 Odd Grape
160,037000267904,Sữa Tắm Nam Old Spice Fiji 473ml
161,8809668022155,Má Hồng Etude House Lovely Cookie Blusher 7g #RD301 Red Grapefruit Pudding
162,8809803536691,Sữa Tắm Happy Bath Soap Lavender 910g
163,8858910625668,Bộ Cọ Trang Điểm 4 Cây ODBO Perfect Brush OD844 No.01 Màu Xanh
164,8008970043630,Sữa Tắm Hương Nước Hoa Tesori d'Orientel Ayurveda 500ml
165,8809758322967,"Mặt Nạ Hỗ Trợ Tái Tạo, Chống Lão Hoá Da Foodaholic Bakuchiol Ample Mask 23ml"
166,800195,Cám Gạo Cà Phê BOSHOP 500g
167,500050,Son Tint 3CE Blur Water Tint 4.6g #Coral Moon
168,8809399373748,Cọ Trang Điểm Mặt Vacosi Pro Brush Phủ Vacosi Pro Duo Fibre FP09 Phủ Vacosi Pro Duo Fibre FP09
169,8809803536660,Sữa Tắm Happy Bath Clean Cotton 910g
170,8809664988028,Son Thỏi 3CE Blur Matte Lipstick #Salty Cinnamon
171,8809664988011,Son Thỏi 3CE Blur Matte Lipstick #Apricot Filter
172,8809625245849,Phấn Má Hồng Romand Better Than Cheek 4g #C03 Fig Chip
173,8806185738927,Chì Kẻ Viền Môi Missha Silky Lasting Lip Pencil Lost Girl 0.25g #BR01 Coffee Berry
174,8809399374349,Kéo Tỉa Vacosi Cuticle Scissors Mũi Nhọn Cong Vacosi S03
175,8809399373175,Cọ Trang Điểm Môi Vacosi Lip Brush Viền Mắt Môi Vacosi L03
176,4901601952322,Bấm Mi Nhật Bản KAI Compact Curler KQ -0153 -0153
177,600106,Kem Lót Catrice The Vitamin C Fresh Glow Primer 30ml
178,8809625241612,Son Bóng Romand Glasting Water Tint 4g 08 Rose Stream
179,8809399374325,Kéo Tỉa Vacosi Cuticle Scissors Mũi Tròn Vacosi S01
180,079400352996,Lăn Khử Mùi Dạng Sáp Dove Advanced Care 48h Revive 74gr
181,8809464341528,Son Kem Black Rouge Air Fit Velvet Tint Ver 2 Mood Filter #A09
182,3760100682915,Tẩy Trang Cho Da Khô Nhạy Cảm Evoluderm Eau Micellaire 250ml
183,600097,Cọ Trang Điểm Mắt Đầu Nghiêng Cọ Trang Điểm Mắt Đầu Nghiêng
184,4901080764119,Kem Đánh Răng Aquafresh Triple Protection Bạc Hà 140gr
185,0667559269366,Gel Tắm Bath Body Works Firecracker 295ml Firecracker 295ml
186,0667559259282,Gel Tắm Bath Body Works Lavender 295ml Lavender 295ml
187,8809843680309,Bông Phấn Innisfree Mini Pact Puff
188,4901331000188,Dao Cạo Mày Kai Pretty For Eyebrow 3 Cái
189,8809694627058,"Kem Chống Nắng Nâng Tone, Cấp Ẩm Céll Fùsion C Aqua Tone Up Suncreen 100 SPF 50+ PA++++ 35ml (Unbox)"
190,8809694621407,Kem Chống Nắng Cho Da Dầu Mụn Cell Fusion C Advanced Clear Suncreen 100 SPF 50+ PA++++ 35ml (Unbox)
191,4979006116465,Tinh Chất Dưỡng Sáng Da SK-II GenOptics Infinitaura Essence 50ml
192,012044045961,Dầu Gội Xả Cho Nam Hương Thể Thao Old Spice 2-in-1 Shampoo and Conditioner 650ml #Pure Sport
193,3000006,Lưới Phơi Cọ
194,8809625249328,Phấn Má Hồng Romand Better Than Cheek 4g #S01 Mango Chip
195,8809653247235,"Tinh Chất Dưỡng Trắng, Mờ Thâm Neogen Dermalogy Real Vitamin C Serum Mini 10ml"
196,079625019674,Cọ Mắt 2 Đầu Real Techniques Makeup Tools Accessories - Dual Ended Blend Define Brush
197,079625040876,Bộ Cọ Real Techniques Poppin Perfection Makeup Brush Set 6pc
198,8859690409462,Kem Dưỡng Trắng Body Precious Skin Snail White Soothing Body Serum 500g
199,20000010,Son Dưỡng Estee Lauder Pure Color Envy Color Replenish Lip Balm 1.6g (Nobox)
200,4901331007439,Bộ 10 Dao Cạo Lông Mày Lông Mặt KAI
201,8935006547940,Sữa Chống Nắng Hiệu Chỉnh Sắc Da Sunplay Skin Aqua Tone Up UV Milk Blue SPF50+ PA++++ 50g
202,8809418756965,Tinh Chất Angel's Liquid Glutathione + 5% Niacinamide 7Day Whitening Ampoule 60ml
203,6941594519865,"Kem Dưỡng Giảm Nhăn, Chống Lão Hóa L’Oréal Paris Revitalift Advanced Anti-Wrinkle Firming Emulsion 50ml"
204,040232648182,Serum Ngừa Rụng Tóc Arganmidas Anti-Hair Loss Serum 6ml
205,6902395972204,Son Kem Maybelline Superstay Teddy Tint 5ml #65
206,0667559115922,Gel Tắm Bath Body Works Bahamas Body Wash 295ml
207,312547427395,Nước Súc Miệng Listerine Cool Mint Antiseptic Mouthwash 1.5L
208,6975326789332,Mặt Nạ Dưỡng Ẩm Làm Dịu Da Glycyrrhiza B5 Colorkey Luminous Replenishing Facial Mask 25ml
209,6975326789356,"Mặt Nạ Dưỡng Ẩm, Ngừa Mụn Hamamelis B5 Colorkey Luminous Nourishing Facial Mask 25ml"
210,500039,Son Thỏi 3CE Blur Matte Lipstick 4g #Apricot Filter
211,8936217590947,Son Tint Lì Thuần Chay Ofélia Sugarplum Mistynow Blurring Tint 3.8g #11 Cute Cucumber
212,8994456651119,Má Hồng Thuần Chay Dạng Cushion Lemonade Mirror Mirror Blush Cushion 8g #05 Be Bold
213,8809450450364,Phấn Nước Siêu Kiềm Dầu Lemonade Super Matte Cushion 2% Niacinamide SPF50+ PA+++ 15g #A00 Extra Light
214,8809450450449,Phấn Nước Mỏng Nhẹ Kiềm Dầu Thuần Chay Chống Nắng Lemonade Supermatte No Makeup Cushion SPF50+ PA+++ 15g #A00 Extra Light
215,8809695678363,Tinh Chất Vi Kim Tái Tạo Căng Bóng Da VT Reedle Shot 100 Cica Reedle 50ml
216,3760062882637,Sữa Tắm Hương Hoa Cỏ Roi Ngựa Panier Des Sens Verbena Essential Oil Shower Gel 250ml
217,8809758325173,"Mặt Nạ Cấp Ẩm, Phục Hồi Da Xỉn Màu Foodaholic Vitamin Nature Skin Mask 23ml"
218,4607953918107,"Tinh Chất Giảm Nhăn, Chống Lão Hóa Compliment Microcapsules Rejuvenating Facial Serum 27ml"
219,037000663959,Sữa Tắm Old Spice Old Spice Night Panther Body Wash 473ml
220,8809664989162,Son Bóng Dạng Gel 3CE Drop Glow Gel #Youth
221,8809664989216,Son Bóng Dạng Gel 3CE Drop Glow Gel #Shy
222,6902395973003,Son Thỏi Lì 3CE Cashmere Hug Lipstick #Dreamy
223,40000013,Cám Gạo Trà Xanh BOSHOP 1000gr
224,40000017,Cám Gạo BOSHOP 1000g
225,40000018,Cám Gạo BOSHOP 500g
226,40000023,Bột Yến Mạch 1000g
227,30000015,Cọ Tam Giác
228,30000016,Cọ Trang Điểm 4in1
229,30000017,Cọ Trang Điểm Mắt Đầu Nghiêng
230,6902395977254,Phấn Nền Maybelline Super Stay 30H Flex Powder Foundation 9g #115
231,4990110007432,"Kem Chống Nắng, Dưỡng Trắng Nâng Tone White Conc CC UVII SPF50+ PA+++++ Cream 75g"
232,3600524190521,Kem Nền L'Oreal Paris Infallible 24H Tinted Serum 30ml #2-3 Light
233,8800249651177,Phấn Nước 3CE Fitting Mesh Cushion SPF40 PA+++ #P01
234,6970758093552,Nhíp Gắp Mụn Vacosi Blackhead Tweezers T07
235,8850007813927,"Nước Súc Miệng Không Cay, Cho Nướu Chắc Khỏe Listerine Gum Care Zero Alcohol Mouthwash 750ml"
236,410025,Băng Đô Cài Tóc Tạo Phồng Tóc
237,10000048,Kem Chống Nắng 3in1 Vichy Capital Soleil Mattifying SPF 50+ 50ml
238,8859139110812,Serum Dưỡng Vùng Dưới Cánh Tay Sáng Mịn Kiss My Body Blink Bright Underarm Dry Serum 45g
239,773602736904,Phấn Phủ Mac Studio Fix Powder Plus Foundation 12g #NC20
240,8809664983481,Son Tint 3CE Blur Water Tint #Play Off
241,4904651418145,Thuốc Nhuộm Tóc Bạc Salon De Pro For Gray Coverage 80g #5 Natural Brown
242,4904651418152,Thuốc Nhuộm Tóc Bạc Salon De Pro For Gray Coverage 80g #6 Dark Brown
243,8936217590985,Son Tint Lì Thuần Chay Ofélia Sugarplum Mistynow Blurring Tint 3.8g #15 Pookie
244,150014,Kệ Đựng Mỹ Phẩm Hai Tầng
245,8935006543133,Lotion Dưỡng Ẩm Cho Da Mụn Nhạy Cảm Hada Labo Acne Care Calming Lotion 170ml
246,6976436772634,Bông Phấn Judy Doll Blush Highlighter Mini Finger Size Puff
247,4936968877100,Phấn Nước YSL Le Cushion Encre De Peau Luminous Matte SPF 23+ 14g #B10 (2025 Limited Collection)
248,8809432019558,Son Bóng Pha Lê MQNY Dewy Water Glow Lip Tint #04 Rose Bonbon
249,8809432019541,Son Bóng Pha Lê MQNY Dewy Water Glow Lip Tint #02 Candied Pink
250,8809949519312,Son Dưỡng The History Of Whoo Essential Lip Glow Balm #52 Peony Coral
251,0667559286349,Gel Rửa Tay Khô Bath Body Works Sunshine Lemons Hand Gel 29ml
252,8809432019855,Son Kem Bùn Mịn Lì MQNY Powder Blur Tint #01 Blooming Pink
253,8809432019909,Son Kem Bùn Mịn Lì MQNY Powder Blur Tint #04 Peach Melba
254,8809432019879,Son Kem Bùn Mịn Lì MQNY Powder Blur Tint #03 Sweet Plum
255,0197575027379,Sữa Dưỡng Thể Victoria's Secret Midnight Bloom Body Lotion 236ml
256,0667659381227,Sữa Dưỡng Thể Bath Body Works Vanilla Cafe Body Lotion 236ml
257,410014,Cài Tạo Phồng Tóc A20
258,4100083,Kẹp Nơ Ren Hàn Quốc A18
259,4100085,Kẹp Pha Lê Miu Miu A040
260,4100086,Kẹp Voan Hàn Quốc A25
261,4100088,Set Kẹp Mái 3 Cái A009
262,4100092,Combo 9 Dây Cột Tóc Lò Xo
263,4100093,Set Kẹp 8 Cái Lông Cao Cấp
264,40000034,Bột Yến Mạch 500g
265,6976436774911,Phần Nền Judydoll Peach Skin Matte 2-Way Cake SPF 50+ PA+++ #Vanilla
266,6976436774850,Phần Nền Judydoll Peach Skin Matte 2-Way Cake SPF 50+ PA+++ #Light
267,6902088982893,Xịt Dưỡng Ngăn Ngừa Gàu Làm Dịu Da Đầu Khô Clear Scalpceuticals Pro Dandruff Defense Serum 50ml
268,716170328300,Phấn Nước Bobbi Brown Weightless Skin Cushion Foundation SPF 40 PA+++ #Extra Light
269,3348901609821,Son Highend Dior Addict Hydrating Shine Lipstick #422 Rose Des Vents
270,3145891650655,Son Highend Chanel Rouge Allure Laque Ultrawear Shine Liquid Lip Colour #65 Imperturbable
271,8800249651184,Phấn Nước 3CE Fitting Mesh Cushion SPF40 PA+++ #N01
272,0667659346899,Gel Rửa Tay Khô Bath Body Works Fresh Cut Lilacs Hand Gel 29ml
273,6976410270194,Thuốc Nhuộm Tóc Phủ Bạc Màu Đen Tự Nhiên Meilandi 3° Native Black Hair Direct Dye (100ml + 100ml + 20ml)
274,6940412457570,Phấn Phủ Dạng Bột Carslan Black Magnet Soft Focus Make-Up Powder #03 Blue Purple
275,8901526539611,Thuốc Nhuộm Tóc Garnier Color Naturals Crème Riche 30g #6.26 Plum Red
276,8809617812400,Tẩy Tế Bào Chết Arahan Hanbang Arrahan Soo Peeling Gel 180ml
277,8809617812431,Tẩy Tế Bào Chết Arahan Aloe Peeling Gel 180ml
278,8809617812448,Tẩy Tế Bào Chết Arahan Arroma Peeling Gel 180ml
279,3348901607902,Má Hồng Dior Rouge Blush #277 Osée
280,8935136865778,Sữa Tắm Hương Hoa Oải Hương Purité Lavender Shower Gel 850ml
281,410013,Cài Tạo Phồng Tóc Pha Lê A030 (Màu Ngẫu Nhiên)
282,0667557984810,Xịt Thơm Body Nam Bath Body Works Bourbon Body Spray 104g
283,0667659384808,Xịt Thơm Body Nam Bath Body Works Vanilla Noir Body Spray 104g
284,0667659355839,Xịt Thơm Body Nam Bath Body Works Honorable Body Spray 104g
285,6257942875126,Cọ Rửa Mặt Evoluderm Silicon Face Brush
286,3600531668440,Má Hồng Dạng Kem Maybelline Sunkisser Multi-Use Liquid Blush And Bronzer #06 City Sizzle
287,3600531668402,Má Hồng Dạng Kem Maybelline Sunkisser Multi-Use Liquid Blush And Bronzer #02 Uptown Glow
288,877231002314,Phấn Má Hồng Bắt Sáng Hourglass Ambient Lighting Blush #Ethereal Glow
289,4605922032076,Kem Dưỡng Da Tay Nga Silky Hands Nutrition Hand Cream 80ml
290,3145891719185,Son Dưỡng Môi Chanel Rouge Coco Baume Satin Lip Balm #918 My Rose
291,6940412456184,Kem Nền Chống Nắng Mini Carslan Cloud Touch Soft Focus Sunscreen Foundation 8.5g
292,4100094,Kẹp Bấm Hoa Trà A23
293,4100028,Dây Buộc Tóc Vòng Tròn Ballet (Size Lớn)
294,3253581758595,Dầu Dưỡng Thể Hạnh Nhân L'Occitane Almond Supple Skin Oil 100ml
295,030772200117,Sữa Tắm Olay Infused With Essential Botanicals White Tea Cucumber Body Wash 700ml
296,4005808230518,Lăn Khử Mùi Nivea Extra Bright Firm 8 Super Food Roll On 48H 50ml
297,030772225745,Sữa Tắm Olay Couldn't Be Lovelier Limited Edition Serum Body Wash 591ml
298,3605970363222,"Tinh Chất Dưỡng Sáng Da, Mờ Thâm Nám Kiehl's Dermatologist Solutions Clearly Corrective Dark Spot Solution 50ml"
299,6976889380417,Má Hồng Dạng Kem Phấn Gslay Sorbet Cheek Blush #07 Berry Special!
300,6976889380509,Son Kem Gslay Sorbet Lip Cream #10 Pomelo Pop!
301,6973160517234,Mút Đánh Má Hồng Mini Gslay Cheeky Puff (Màu Ngẫu Nhiên)
302,4714097008097,Son Dưỡng Bóng Có Màu Gslay Yoso Lip Serum #06 Pick-Me-Up
303,850055527287,Son Dưỡng Rhode Peptide Lip Tint #Espresso
304,8850006945148,Nước Súc Miệng Than Hoạt Tính Colgate Optic White Charcoal Freshmint Mouthwash 500ml
305,6970758092562,Nhíp Gắn Mi Giả Vacosi #T08-02
306,8935030218793,Sữa Tắm Hương Hoa Iris Double Rich Dreamy Romance Body Shower 550g
307,8935030217826,Sữa Tắm Hương Hoa Lily Double Rich White Purity Body Shower 550g
308,8935030217819,Sữa Tắm Hương Hoa Hồng Double Rich Eva's Secret Body Shower 550g
309,8935030221656,Sữa Tắm Hương Hoa Sen Double Rich Glowing Lotus Body Shower 550g
310,8801051312003,"Dầu Gội Sạch Gàu, Cho Da Đầu Ngứa Himalaya Pink Salt Anti-Dandruff Shampoo Itchy Scalp Care 650ml"
311,8801051311440,"Dầu Gội Sạch Gàu, Mát Lạnh Bạc Hà Himalaya Pink Salt Anti-Dandruff Shampoo Cool Menthol 650ml"
312,8935274666428,Bấm Mi Maybelline Sky High Eyelash Curler
313,8800255685463,Son Tint Bóng Peripera Ink Mood Glowy Lip Tint #30 Happy Berry
314,8800258088919,Phấn Bắt Sáng Romand x ZoFriends Dual Jelly Highlighter #02 Paw Pink
315,60000042,Nhíp Gắp Mi Giả Kèm Lược
316,3614274098068,Son Highend Prada Monochrome Soft Matte Lipstick #B107 Sedona
317,3614274171099,Son Dưỡng Highend Prada Blushing Care Lip Balm #U001 Astral Pink
318,3614273853132,Son Highend Prada Monochrome Hyper Matte Lipstick #R26 Lava
319,3348901729307,Phấn Má Hồng Bắt Sáng Dior Rouge Blush Colour Glow #257 Dioriviera
320,6938582349955,Son Kem Bùn Mịn Lì Mooekiss Velvet Lip Mud #V25
321,6938582350968,Son Kem Bùn Mịn Lì Mooekiss Velvet Lip Mud #V10
322,6975231350726,Phấn Bắt Sáng Lion Gloss Highlight Powder #02 Ginger
323,8800258089060,Phấn Mắt 10 Ô Romand X ZoFriends Better Than Palette #15 Kitten Cloud Garden
324,8809730954742,Kem Dưỡng Ngăn Ngừa Lão Hóa ma:nyo V.Collagen Heart Fit Cream 50ml
325,4979006113211,Tinh Chất Chống Lão Hóa SK-II Skinpower Re-New Essence 50ml
326,8803463016289,Tinh Chất Chống Nắng VT PDRN Glow Sun Essence SPF 50+ PA+++ 50ml
327,8803463006907,Toner Pad Phục Hồi Da VT Reedle Shot Facial Repair EGF Essence Pad 25g
328,8803463006921,Hộp 6 Ống Tinh Chất Chống Lão Hóa Vt Collagen Reedle Shot S50 Dacial Boosting Ampoule 2ml x 6 Ống
329,3253581764688,Dầu Tắm Hạnh Nhân L'Occitane Almond Shower Oil 500ml
330,850055527294,Má Hồng Dạng Kem Rhode Pocket Blush #Sprinkle
331,810063692933,Son Bóng Dưỡng 3in1 Hourglass Phantom Volumizing Glossy Lip Balm Duo #95 Wish
332,810063692452,Son Bóng Dưỡng 3in1 Hourglass Phantom Volumizing Glossy Lip Balm Duo #110 Sense
333,3614274299168,Tinh Chất Phục Hồi Da Lancôme Génifique Ultimate Serum 50ml
334,40000037,Lăn Khử Mùi Dove 48H Advanced Care Caring Coconut Antiperspirant Deodorant 74g
335,079400593016,Lăn Khử Mùi Dove 72H Advanced Care Clear Finish Antiperspirant Deodorant Stick 74g
336,8934755035029,Khăn Ướt Chăm Sóc Gia Đình Fressi Care All 10 Miếng/Gói
337,6294018408611,Má Hồng 4 Ô Huda Beauty Blush Filter Blurring Blushlighters Palette #Toasty Peach
338,3616306130975,Phấn Phủ Kiềm Dầu Gucci Matte Powder Blurring Mattifying Tinted Powder #00 (2025 New Version)
339,20000021,Kem Lót Mini Estée Lauder Double Wear Second Skin Cream Primer SPF 20 PA++ 15ml
340,0667659381722,Xịt Thơm Body Nam Bath Body Works Immortal Body Spray 104g
341,0667659383634,Sữa Dưỡng Thể Bath Body Works Cinnamon Pumpkin Body Lotion 236ml
342,4987176039606,Hộp 4 Lưỡi Dao Cạo Thay Thế Gillette Venus Comfortglide Sugarberry Refill Blades
343,3348901655972,Son Highend Dior Addict Hydrating Shine Lipstick #566 Peony Pink
344,4979006113136,"Kem Dưỡng Sáng Da, Chống Lão Hóa SK-II Skinpower Re-New Airy Cream 80g"
345,8803463010485,Tinh Chất Dưỡng Sáng Da VT Glutathione Cica Exosome G2 Brightening Ampoule 30ml
346,8809563938209,Giftset Phấn Nước Espoir Roselight Glow Collection #20 Vanilla (1 Phấn Nước + 1 Lõi Thay Thế + 1 Móc Khóa)
347,8800290368031,Phấn Nước Clio Kill Cover Founwear Cushion SPF 40+ PA++ #19C Light (+ 1 Lõi Thay Thế)
348,8800290365580,Phấn Nước Clio Kill Cover Mesh Blur Cushion SPF 40+ PA++ #19N Porcelain (+ 1 Lõi Thay Thế)
349,3614274254372,Má Hồng YSL Make Me Blush 24H Buildable Blurring Powder Blush #06 Rose Haze
350,4901301342294,Son Dưỡng Môi Nivea Rich Care And Color Lip SPF 20 PA++ #Bordeaux
351,6976436773907,Phấn Mắt 4 Ô Judydoll 4 Colors Eyeshadow #33 Black Tea
352,6976436773891,Phấn Mắt 4 Ô Judydoll 4 Colors Eyeshadow #33 Black Tea
353,8850029025315,Xịt Khử Mùi Nam 72H Hương Gỗ Đen Nivea Men Deep Darkwood Deodorant Spray 150ml
354,8800051001948,Tinh Chất Trẻ Hóa Phục Hồi Da Rejuran C-PDRN Healer Turnover Ampoule 30ml
355,8809815646289,Phấn Mắt 2 Ô Tag Gleam On Eye Palette #03 Angelic Pink
356,3348901762489,Má Hồng Dạng Kem Dior Forever Liquid Blush Soft Filter #04 Daisy
357,850055527256,Son Dưỡng Rhode Peptide Lip Tint #Espresso
358,3145891327168,Phấn Phủ Dạng Bột Chanel Poudre Universelle Libre #20 Medium Light
359,3145891327120,Phấn Phủ Dạng Bột Chanel Poudre Universelle Libre #10 Light
360,20000023,Chì Kẻ Mí Mắt Kryolan Kajal Pencil - Màu Trắng
361,044386066762,Phấn Tạo Khối Physicians Formula Murumuru Butter Bronzer #Bronzer
362,8850029043593,Xịt Khử Mùi 72H Dưỡng Sáng Giảm Thâm Sạm Nivea Derma Control Bright Repair Spray 150ml
363,4005808073863,"Xịt Khử Mùi 48H Ngăn Ố Vàng, Thanh Mát Dịu Nhẹ Nivea Black White Invisible Pure Spray 150ml"
364,4005808305933,Xịt Khử Mùi Nam 48H Mát Lạnh Nivea Men Cool Kick Extra Dry Spray 150ml #Cool Active
365,8809751802787,Kem Bắt Sáng TFIT Idol Contour Highlighter #Shine Beige
366,8809751802770,Kem Tạo Khối TFIT Idol Contour Shading #Modern Brown
367,027131816652,Kem Nền Estée Lauder Double Wear Stay-In-Place Foundation #1C1 Cool Bone
368,3145891650631,Son Highend Chanel Rouge Allure Laque Ultrawear Shine Liquid Lip Colour #63 Ultimate
369,8809581535756,Bảng Phấn Mắt 20 Màu Dasique Mood Shadow Palette #02 Cool Basic
370,8809581532755,Phấn Mắt 9 Ô Dasique Eyeshadow Palette #16 Violet Knit
371,6902395980186,Son Bóng 3CE Misty Lip Bare #06 Tulip Fuzz
372,6902395980155,Son Bóng 3CE Misty Lip Bare #03 Milky Illusion
373,6902395980162,Son Bóng 3CE Misty Lip Bare #04 Pink Scheme
374,8901030866807,Sữa Tắm Gội 3in1 Axe Apollo Sage Cedarwood Scent Body Wash 400ml
375,8901030866838,Sữa Tắm Gội 3in1 Axe Sport Blast Body Wash 400ml
376,8901030866814,Sữa Tắm Gội 3in1 Axe Africa Body Wash 400ml
377,8901030866845,Sữa Tắm Gội 3in1 Axe Alaska Body Wash 400ml
378,8901030866821,Sữa Tắm Gội 3in1 Axe Dark Temptation Body Wash 400ml
379,8901030866852,Sữa Tắm Gội 3in1 Axe Black Body Wash 400ml
380,027131969709,Kem Nền Estée Lauder Double Wear Stay-In-Place Foundation #1N1 Ivory Nude
381,8809715724094,Tinh Chất Peel Da Sinh Học Ruée Red Peel Whitening Serum 30ml
382,729238226449,Phấn Phủ Dạng Bột Clé de Peau Beauté Poudre Libre Transparente Translucent Losse Powder #2 Light Medium
383,887167142534,Kem Dưỡng Đêm Estée Lauder Nightwear Plus Anti-Oxidant Night Detox Cream 50ml
384,3614274598889,Son Highend YSL Lovenude Lip Blusher #03 Taupe Flirt
385,3348901793735,Son Dưỡng Dior Addict Lip Glow Oil #087 Spicy (Tester)
386,842780142767,Giftset 4 Món Dưỡng Tóc Chắc Khoẻ Bóng Mượt Olaplex Strength + Shine Essentials Kit (Dầu Gội N4 + Dầu Xả N5 + Dầu Dưỡng Tóc N7 + Turban tóc)
387,3274872442801,Son Lì Givenchy Le Rouge Interdit Intense Silk Lipstick #N110 Beige Nu
388,856798008892,Phấn Má Hồng Bắt Sáng Hourglass Ambient Lighting Blush #Sublime Flush
389,3348901638326,Giftset Phấn Nước Dior Forever Hydra Glow Cushion SPF 50 PA+++ #1N Neutral (Kèm Túi Giấy Dior)
390,3614273853231,Son Highend Prada Monochrome Hyper Matte Lipstick #077 Arancio
391,4936968877568,Phấn Nước Lancôme Skin Idole 3 Serum Fine Cover Cushion #N10
392,6976234890707,"Bộ Dầu Gội Xả Phục Hồi, Trị Gàu Xanh Ngọc Biotin & Collagen Voudioty 1000mlx2"
393,8809843678306,Kem Dưỡng Ẩm Innisfree Cherry Blossom Glow Jelly Cream 50ml
394,8809625245443,Phấn Mắt 10 Ô Romand Better Than Palette #09 Dreamy Lilac Garden
395,8809664983870,Son Kem Lì 3CE Velvet Lip Tint #Definition
396,3401399848254,Xịt Khoáng Bioderma Hydrabio Brume Soothing Refreshing 300ml
397,3468081500722,Xịt Khoáng Thiên Nhiên Evian Brumisateur 400ml
398,8936123411114,Dung Dịch Vệ Sinh Phụ Nữ Lactacyd Feminine Cool Sensation 60ml
399,8809973980027,"Mặt Nạ Làm Dịu, Phụ Hồi Da Gookin Calming Tea Tree Ampoule Mask 30ml"
400,8809843678504,Phấn Phủ Dạng Bột Innisfree No Sebum Mineral Powder 5g
401,6976436770326,Gel Kẻ Mắt Judydoll Lâu Trôi #02 Brown
402,8809668025811,Nhũ Kẻ Viền Mắt Etude House Tear Eye Liner #03
403,8936217700148,Nước Dưỡng Tóc Cocoon Tinh Dầu Bưởi Pomelo Hair Tonic 310ml
404,600029,Chì Xé Kẻ Mày Coloured Soft Cosmetic Art Eyebrow Pencil No 1818 #01 Natural Brown
405,6923700985733,Thuốc Nhuộm Tóc L'Oreal 7.12 Honey Ash
406,8808929116725,Mặt Nạ Kem Cấp Ẩm Đa Tầng BNBG Vita Derma Moisture Cream Mask 30ml
407,079400352934,Lăn Khử Mùi Dove Beauty Finish 48h 74g
408,079400458247,Lăn Khử Mùi Dạng Sáp Dove Go Fresh Apple White Tea 48h 74g
409,020714222857,Gel Dưỡng Ẩm Clinique Dramatically Different Moisturizing Gel 125ml
410,8935274676175,Kem Dưỡng 8h L’Oréal Paris Revitalift Hyaluronic Acid 15ml
411,030772083444,Nước Súc Miệng 3D Crest Pro-Health Mouthwash with Fluoride Advanced Complete Care 1l
412,858588004787,Tinh Chất Chống Lão Hóa Timeless Matrixyl Synthe’6 30ml
413,8809625244163,Son Tint Romand Dewyful Water Tint 5g #03 If Rose
414,8935274670395,Sữa Rửa Mặt Garnier Skin Naturals Bright Complete Anti-acne Cleasing Foam 50ml
415,6902395498919,Nước Tẩy Trang L'Oreal Micellar Water 3 in 1 400ml
416,8809913830061,Kem Chống Nắng Dưỡng Ẩm Skin1004 Madagascar Centella Hyalu-Cica Water-Fit Sun Serum SPF50+ PA++++ 20ml
417,8809505542204,Xịt Chống Nắng JM Solution Glow Luminous Rose SPF50+ PA++++180ml
418,079400351203,Lăn Khử Mùi Dạng Sáp Dove Shea Butter 48h 74g
419,8436097094431,Nước Tẩy Trang Dạng Dầu Làm Sạch Byphasse Solution Micerallaire Face Waterproof 500ml
420,8470001977786,Kem Chống Nắng Heliocare 360 Age Active Fluid Sunscreen SPF50 PA++++ 50ml
421,3662361001897,Sữa Rửa Mặt Dành Cho Da Khô Và Da Nhạy Cảm SVR Topialyse Gel Lavant Cleansing 400ml
422,8806182576355,Sữa Rửa Mặt The Face Shop Herb Day 365 Master Blending Facial Foaming Cleanser Mung Bean & Mugwort 170ml
423,3616303459093,Gel Tắm Gội Rửa Mặt Cho Nam Adidas 3in1 Dynamic Pulse 400ml
424,7612076600645,Gel Chống Nắng Dịu Lành Cho Da Nhạy Cảm Cetaphil Sun SPF 50+ Light Gel 50ml
425,085805574147,Kem Dưỡng Thể Elizabeth Arden White Tea Ginger Lily Pure Indulgence Body Cream 400ml
426,6902395853596,Che Khuyết Điểm Maybelline Instant Age Rewind Multi-Use Concealer 6ml #150 Neutralizer
427,3614229374827,Son Gucci Rouge À Lèvres Mat Lip Colour #505 Janet Rust
428,8809801690999,Xịt Khoáng Dưỡng Ẩm Kyung Lab PDRN Therapy Mist 150ml
429,10000012,Gel Rửa Mặt Dành Cho Da Khô Và Da Nhạy Cảm SVR Topialyse Gel Lavant Cleansing 200ml
430,3349668509416,Nước Hoa Nam Paco Rabanne 1 Million EDT 5ml
431,8809664980909,Bảng Màu Mắt 4 Ô 3CE Mini Multi Eye Color Palette #Side By Side
432,3147758034929,Nước Hoa Nữ Lancôme Tresor EDP 100ml
433,400008,Nước Hoa Dạng Sáp Daily Comma Dear Rosie 4.7g
434,400007,Nước Hoa Dạng Sáp Daily Comma Velvet Wood 4.7g
435,400168,Nước Hoa Mini Nữ Kilian Voulez-Vous Coucher Avec Moi Chiết 10ml
436,8411061987360,Nước Hoa Mini Nam Carolina Herrera Bad Boy EDT 10ml
437,400253,Nước Hoa Mini Unisex Dsquared2 2 Wood EDT Chiết 10ml
438,4901601952339,Bấm Mi KAI Compact Curler KQ-0154
439,8435415049412,Nước Hoa Nam Jean Paul Gaultier Le Male On Broad 4.2 EDT 125ml
440,400379,Nước Hoa Nữ Salvatore Ferragamo Signorina Libera EDP Chiết 10ml
441,400381,Nước Hoa Mini Nữ Montblanc Signature Absolue EDP (Chiết 10ml)
442,8809664985881,Phấn Má Hồng 3CE New Take Face Blusher #Slide Slowly
443,4909978206871,Nước Uống Đẹp Da Collagen Shiseido The Collagen EXR Beauty Drink 50ml x 10 Lọ
444,4513574029347,Sữa Rửa Mặt Tạo Bọt Dưỡng Ẩm Và Làm Sáng Da Hatomugi Facial Whip 160ml
445,6977364830069,Lược Chải Tóc Gỡ Rối Vacosi C18 #Hồng
446,8809862289149,Phấn Highlight Tạo Sáng Da Prism Air Highlighter - 02 Fairy Pink 10g
447,6943218382268,Kem nền 24h Artmiss Nourishing Submerging Liquid Foundation 40ml #E02
448,8801051285246,Nhũ Bắt Sáng Dạng Thỏi Glint By Vdivov Stick Highlighter 7g #03 Rosy Moon
449,8809918700147,Son Dưỡng Môi Tạo Màu Foif Juicy Fit Tint 3.5g #JT7 Hồng Anh Đào
450,6972786995990,Má Hồng Judydoll Pretty Blush Powder #49 Cream Raspberry
451,8435415091404,Nước Hoa Mini Nữ Jean Paul Gaultier Divine Le Parfum 6ml
452,783320420566,Nước Hoa Nữ Bvlgari Ladies Omnia Crystalline EDT Spray 100ml
453,8809913830030,Tinh Chất Rau Má Skin1004 Madagascar Centella Ampoule 30ml
454,737052355504,Nước Hoa Boss Bottled EDT 5ml
455,737052993362,Nước Hoa Mini Hugo Boss The Scent EDT 5ml
456,783320418969,Nước Hoa Mini Bvlgari Pour Homme EDT 5ml
457,8411061027660,Nước Hoa Mini Nam Carolina Herrera Bad Boy Cobalt EDP 8ml
458,0667559277057,Gel Tắm Dưỡng Ẩm Bath Body Works Strawberry Soda Body Wash 295ml
459,3614273939973,Nước Hoa Unisex Maison Margiela Replica From The Garden EDT 100ml
460,8435415076845,Nước Hoa Mini Nữ Jean Paul Gaultier Divine EDP 6ml
461,6290360593180,Nước Hoa Unisex Lattafa Unisex Hayaati Florence EDP 100ml
462,6290362340638,Nước Hoa Unisex Lattafa Eclaire EDP 100ml
463,3423222107963,Nước Hoa Mini Narciso For Her Collection 7.5ml (Bán Lẻ 1 Chai)
464,8411047108611,Gel Tắm Instituto Español Urea Gel De Baño 1250ml
465,8936228463377,Set 2 Cái Dao Cạo Lông Vùng Kín Jary Bikini Razor
466,8809625245450,Son Tint Bóng Romand Dewyful Water Tint 5g #11 Lilac Cream
467,3348901729017,Nước Hoa Nam Dior Sauvage Eau Forte Parfum 100ml Tester
468,3614228958578,Nước Hoa Mini Nữ Gucci Bloom Ambrosia Di Fiori 30ml
469,8435415091220,Nước Hoa Nữ Jean Paul Gaultier Ladies La Belle Paradise Garden EDP 100ml
470,6976436771613,Son Bóng Có Màu Judydoll Watery Lip Gloss 2.4g #2 Iced Sugar Strawberry
471,8800255685449,Son Tint Bóng Peripera Ink Mood Glowy Lip Tint #32 Gogo Berry
472,5061014615098,Bộ Dầu Gội Xả Chống Rụng Tóc Olexrs Argan Oil Essence 500ml (Cam)
473,8936228462943,Kẹp Bấm Mi Lò Xo Jary Eyelash Curler - Màu Tím
474,0667559817253,Sữa Dưỡng Thể Victoria's Secret Velvet Petals Starlit Body Lotion 236ml
475,3614273922999,Nước Hoa Nữ Lancome La Vie Est Belle Iris Absolu EDP 50ml (Tester)
476,8800258080067,Son Tint Lì Romand The Juicy Lasting Tint #16 Plum Coke
477,8011003831081,Gift Set 3 Món Nước Hoa Versace Bright Crystal Absolu Set (EDP 90ml + Body Lotion 100ml + Bag Tag)
478,400009,Nước Hoa Dạng Sáp Daily Comma Vanilla Jazz 4.7g
479,3141380059053,Sữa Tắm Dưỡng Ẩm Cottage Fraise Menthe 750ml
480,400437,Nước Hoa Mini Nữ Armaf Le Parfait Panache EDP Chiết 10ml
481,400434,Nước Hoa Mini Nam Armaf Men's Uniq Oud Forever EDP (Chiết 10ml)
482,400438,Nước Hoa Mini Nam Armaf El Cielo EDP (Chiết 10ml)
483,3614229382136,Nước Hoa Mini Nam Gucci Guilty Pour Homme EDP 5ml
484,6972973035065,Chì Kẻ Chân Mày Phẩy Sợi Haozhuang Make Up Milano Eyebrow Pencil #4 Ghi Xám
485,8809758321250,"Mặt Nạ Dưỡng Trắng, Làm Đều Màu Da Foodaholic Arbutin Beta Arbutin Whitening Mask 23ml"
486,8809664983719,Má Hồng Dạng Kem Lâu Trôi 3CE Sheer Liquid Blusher 3g #Cozy Peach
487,6955416222130,Phấn Mắt 9 Ô Gogo Tales Secret Garden Eyeshadow Palette 13g #902
488,8809900988058,Phấn Má Hồng Dạng Thạch Clio Air Blur Whip Blush 3g #01 Baby Almond
489,700034,Dưỡng Thể Hương Nước Hoa Marc Jacobs Daisy Love Body Lotion 30ml
490,6975326785259,Kem Nền Dạng Lỏng Lâu Trôi Colorkey Matte Flawless Liquid Foundation 30g #C1 Tông Sáng Hồng
491,400019,Nước Hoa Mini Armaf Club De Nuit Parfum 5ml Nobox (Mùi Ngẫu Nhiên)
492,8809464341535,Son Kem Black Rouge Air Fit Velvet Tint Ver 2 Mood Filter #A10
493,309978695424,Thuốc Nhuộm Tóc Revlon Colorsilk Beautiful Color #42
494,8800248332930,Kem Chống Nắng Phục Hồi Da Pretty Skin Hydra B5 Exosome Treatment Sun Cream SPF 50+ PA++++ 50ml
495,085715151476,Nước Hoa Nam MCM Diamond EDP 75ml (Tester)
496,8435415102759,Nước Hoa Mini Nam Jean Paul Gaultier Scandal Intense EDP 7ml
497,011111054660,Tẩy Da Chết Dove Crushed Cherries Chia Milk Body Scrub 425g
498,3474637268763,Dầu Gội Dành Cho Tóc Nhuộm L΄Oreal Professionnel Serie Expert Vitamino Color Spectrum Shampoo 500ml
499,400003,Nước Hoa Mini Nam MCM Diamond EDP Chiết 10ml
500,3616305181060,Nước Hoa Nữ Burberry Ladies Her Intense EDP 100ml
501,8936123411565,Sữa Tắm Lactacyd Ever Fresh Body Wash 500g
502,051497401801,Ủ Tóc Hương Thảo Bạc Hà Arganmidas Rosemary Mint Revitalizing Ultimate Care Hair Mask 300ml
503,0667659332755,Gel Tắm Bath Body Works Moon Light Path Body Wash 295ml
504,8801051299045,Sữa Tắm Hương Nước Hoa On: The Body Perfume Citrus Lavender Body Wash 1100ml
505,400006,Nước Hoa Mini Nữ Narciso Rodriguez Fleur Musc EDP (Chiết 10ml)
506,8809949494770,Sửa Rửa Mặt Belif Super Knights Pore Firming Vegan Pack Cleanser 150ml
507,8809970754829,Phấn Nước Mini Clio Kill Cover Skin Fixer Cushion SPF50+ PA+++ 5g #21C Lingerie
508,8809694627195,"Kem Chống Nắng Cấp Ẩm, Làm Dịu Da Cell Fusion C Aquatica Cooling Suncreen SPF 50+ PA++++ 35ml (Unbox)"
509,6294015132120,Nước Hoa Unisex Armaf Club De Nuit Milestone EDP Spray 105ml
510,4904651418169,Thuốc Nhuộm Tóc Bạc Salon De Pro For Gray Coverage 80g #7 Natural Black
511,075371002960,Tẩy Tế Bào Chết Body Tree Hut Bikini Reef Shea Sugar Scrub 510g
512,400028,Nước Hoa Mini Nữ Armaf Miss Attitude EDP (Chiết 10ml)
513,400030,Nước Hoa Mini Nam Armaf Ladies Beach Party EDP (Chiết 10ml)
514,8994993028788,Tinh Chất Dưỡng Sáng Da Garnier Tri-Acid Renew Skin Renewal Concentrate Serum 20ml
515,8994993022885,Kem Dưỡng 8h L’Oréal Paris Revitalift Hyaluronic Acid 50ml
516,400036,Nước Hoa Mini Nữ Armaf Ladies Tag Donna Colorata EDP Chiết 10ml
517,400037,Nước Hoa Mini Nữ Armaf Tag Her Pour Femme EDP Chiết 10ml
518,400038,Nước Hoa Mini Nam Armaf Tag Him Pour Homme EDT Chiết 10ml
519,40000035,Cám Gạo Cà Phê 1000g
520,3760100680263,Kem Dưỡng Da Tay Cấp Ẩm Sâu Evoluderm Shea Butter Moisturizing Hand Cream 150ml
521,8809625243692,Son Tint Romand Juicy Lasting Tint #22 Pomelo Skin
522,8809828419719,Son Kem Peripera Ink Airy Velvet #21 Fluffy Peach
523,3614273604925,Nước Hoa Nữ Giorgio Armani Sì Passione Éclat EDP Spray 50ml
524,400050,Nước Hoa Mini Nam Jean Paul Gaultier Scandal Pour Homme Intense (Chiết 10ml)
525,400052,Nước Hoa Mini Nữ Kilian Blue Moon Ginger Dash EDP (Chiết 10ml)
526,8435415051705,Nước Hoa Mini Nam Jean Paul Gaultier Scandal Pour Homme Intense 7ml
527,8435415065160,Nước Hoa Mini Nam Jean Paul Gaultier Scandal Le Parfum EDP Intense Pour Homme 7ml
528,3616301794622,Nước Hoa Mini Nam Gucci Guilty Pour Homme Parfum 5ml
529,3145891719147,Son Dưỡng Môi Chanel Rouge Coco Baume Satin Lip Balm #914 Natural Charm
530,3348901608022,Phấn Má Hồng Dior Rouge Blush #212 Tutu
531,8994456658811,Má Hồng Dạng Nén Gslay Yoso Blush Powder #07 Dinner’s ready!
532,3386460086370,Nước Hoa Mini Nam Coach Men's EDT 4.5ml
533,6970758092579,Nhíp Gắn Mi Giả Vacosi #T08-01
534,3360372729457,Nước Hoa Mini Nam Giorgio Armani Acqua Di Giò Pour Homme EDT 5ml
535,3614274143720,Nước Hoa Mini Nam Giorgio Armani Acqua Di Gio Elixir EDP Splash 5ml
536,8800258089152,Son Dưỡng Romand x ZoFriends Glasting Melting Balm #19 Pink Jelly
537,6294018404583,Phấn Mắt 9 Ô Huda Beauty Creamy Obsessions Eyeshadow Palette #Greige
538,4936968814372,Dầu Tẩy Trang Shu Uemura Ultime8 Sublime Tsubaki Cleansing Oil 150ml
539,3614274143751,Nước Hoa Nam Giorgio Armani Acqua Di Giò Elixir EDP Spray 50ml
